--------------------------------------------------------
--  Arquivo criado - Segunda-feira-Maio-18-2020   
--------------------------------------------------------
--------------------------------------------------------
--  DDL for Sequence S_PECA
--------------------------------------------------------

   CREATE SEQUENCE  "BRUNO3"."S_PECA"  MINVALUE 1 MAXVALUE 999999 INCREMENT BY 1 START WITH 21 CACHE 20 NOORDER  NOCYCLE ;
--------------------------------------------------------
--  DDL for Table FABRICANTE
--------------------------------------------------------

  CREATE TABLE "BRUNO3"."FABRICANTE" 
   (	"ID" NUMBER, 
	"NOME" VARCHAR2(100 BYTE), 
	"STATUS" NUMBER
   ) SEGMENT CREATION IMMEDIATE 
  PCTFREE 10 PCTUSED 40 INITRANS 1 MAXTRANS 255 NOCOMPRESS LOGGING
  STORAGE(INITIAL 65536 NEXT 1048576 MINEXTENTS 1 MAXEXTENTS 2147483645
  PCTINCREASE 0 FREELISTS 1 FREELIST GROUPS 1 BUFFER_POOL DEFAULT FLASH_CACHE DEFAULT CELL_FLASH_CACHE DEFAULT)
  TABLESPACE "SYSTEM" ;
--------------------------------------------------------
--  DDL for Table MODELO
--------------------------------------------------------

  CREATE TABLE "BRUNO3"."MODELO" 
   (	"ID" NUMBER, 
	"ID_FABRICANTE" NUMBER, 
	"NOME" VARCHAR2(100 BYTE), 
	"STATUS" NUMBER
   ) SEGMENT CREATION IMMEDIATE 
  PCTFREE 10 PCTUSED 40 INITRANS 1 MAXTRANS 255 NOCOMPRESS LOGGING
  STORAGE(INITIAL 65536 NEXT 1048576 MINEXTENTS 1 MAXEXTENTS 2147483645
  PCTINCREASE 0 FREELISTS 1 FREELIST GROUPS 1 BUFFER_POOL DEFAULT FLASH_CACHE DEFAULT CELL_FLASH_CACHE DEFAULT)
  TABLESPACE "SYSTEM" ;
--------------------------------------------------------
--  DDL for Table PECA
--------------------------------------------------------

  CREATE TABLE "BRUNO3"."PECA" 
   (	"ID" NUMBER, 
	"NOME" VARCHAR2(100 BYTE), 
	"VALOR" FLOAT(126), 
	"DESCRICAO" VARCHAR2(255 BYTE), 
	"STATUS" NUMBER
   ) SEGMENT CREATION IMMEDIATE 
  PCTFREE 10 PCTUSED 40 INITRANS 1 MAXTRANS 255 NOCOMPRESS LOGGING
  STORAGE(INITIAL 65536 NEXT 1048576 MINEXTENTS 1 MAXEXTENTS 2147483645
  PCTINCREASE 0 FREELISTS 1 FREELIST GROUPS 1 BUFFER_POOL DEFAULT FLASH_CACHE DEFAULT CELL_FLASH_CACHE DEFAULT)
  TABLESPACE "SYSTEM" ;
--------------------------------------------------------
--  DDL for Table USUARIO
--------------------------------------------------------

  CREATE TABLE "BRUNO3"."USUARIO" 
   (	"CPF" VARCHAR2(20 BYTE), 
	"NOME" VARCHAR2(100 BYTE), 
	"EMAIL" VARCHAR2(100 BYTE), 
	"SEXO" VARCHAR2(20 BYTE), 
	"SENHA" VARCHAR2(255 BYTE)
   ) SEGMENT CREATION IMMEDIATE 
  PCTFREE 10 PCTUSED 40 INITRANS 1 MAXTRANS 255 NOCOMPRESS LOGGING
  STORAGE(INITIAL 65536 NEXT 1048576 MINEXTENTS 1 MAXEXTENTS 2147483645
  PCTINCREASE 0 FREELISTS 1 FREELIST GROUPS 1 BUFFER_POOL DEFAULT FLASH_CACHE DEFAULT CELL_FLASH_CACHE DEFAULT)
  TABLESPACE "SYSTEM" ;
--------------------------------------------------------
--  DDL for Table VEICULO
--------------------------------------------------------

  CREATE TABLE "BRUNO3"."VEICULO" 
   (	"PLACA" VARCHAR2(20 BYTE), 
	"ID_FABRICANTE" NUMBER, 
	"ID_MODELO" NUMBER, 
	"CHASSI" VARCHAR2(100 BYTE), 
	"DESCRICAO" VARCHAR2(255 BYTE), 
	"STATUS" NUMBER
   ) SEGMENT CREATION IMMEDIATE 
  PCTFREE 10 PCTUSED 40 INITRANS 1 MAXTRANS 255 NOCOMPRESS LOGGING
  STORAGE(INITIAL 65536 NEXT 1048576 MINEXTENTS 1 MAXEXTENTS 2147483645
  PCTINCREASE 0 FREELISTS 1 FREELIST GROUPS 1 BUFFER_POOL DEFAULT FLASH_CACHE DEFAULT CELL_FLASH_CACHE DEFAULT)
  TABLESPACE "SYSTEM" ;
--------------------------------------------------------
--  DDL for Table VEICULO_PECA_PK
--------------------------------------------------------

  CREATE TABLE "BRUNO3"."VEICULO_PECA_PK" 
   (	"PLACA" VARCHAR2(100 BYTE), 
	"ID_PECA" NUMBER
   ) SEGMENT CREATION IMMEDIATE 
  PCTFREE 10 PCTUSED 40 INITRANS 1 MAXTRANS 255 NOCOMPRESS LOGGING
  STORAGE(INITIAL 65536 NEXT 1048576 MINEXTENTS 1 MAXEXTENTS 2147483645
  PCTINCREASE 0 FREELISTS 1 FREELIST GROUPS 1 BUFFER_POOL DEFAULT FLASH_CACHE DEFAULT CELL_FLASH_CACHE DEFAULT)
  TABLESPACE "SYSTEM" ;
REM INSERTING into BRUNO3.FABRICANTE
SET DEFINE OFF;
Insert into BRUNO3.FABRICANTE (ID,NOME,STATUS) values ('1','Chevrolet','1');
Insert into BRUNO3.FABRICANTE (ID,NOME,STATUS) values ('2','Honda','1');
Insert into BRUNO3.FABRICANTE (ID,NOME,STATUS) values ('3','Jeep','1');
REM INSERTING into BRUNO3.MODELO
SET DEFINE OFF;
Insert into BRUNO3.MODELO (ID,ID_FABRICANTE,NOME,STATUS) values ('1','1','A20','1');
Insert into BRUNO3.MODELO (ID,ID_FABRICANTE,NOME,STATUS) values ('2','1','Agile','1');
Insert into BRUNO3.MODELO (ID,ID_FABRICANTE,NOME,STATUS) values ('3','1','Astra','1');
Insert into BRUNO3.MODELO (ID,ID_FABRICANTE,NOME,STATUS) values ('4','2','Accord','1');
Insert into BRUNO3.MODELO (ID,ID_FABRICANTE,NOME,STATUS) values ('5','2','Civic','1');
Insert into BRUNO3.MODELO (ID,ID_FABRICANTE,NOME,STATUS) values ('6','2','Passport','1');
Insert into BRUNO3.MODELO (ID,ID_FABRICANTE,NOME,STATUS) values ('7','3','Cherokee','1');
Insert into BRUNO3.MODELO (ID,ID_FABRICANTE,NOME,STATUS) values ('8','3','Renegade','1');
Insert into BRUNO3.MODELO (ID,ID_FABRICANTE,NOME,STATUS) values ('9','3','Wrangler','1');
REM INSERTING into BRUNO3.PECA
SET DEFINE OFF;
Insert into BRUNO3.PECA (ID,NOME,VALOR,DESCRICAO,STATUS) values ('3','P2','10','fvgvv','0');
Insert into BRUNO3.PECA (ID,NOME,VALOR,DESCRICAO,STATUS) values ('4','Gp1','52,4','dddd','1');
Insert into BRUNO3.PECA (ID,NOME,VALOR,DESCRICAO,STATUS) values ('5','N4','104','dddd','1');
Insert into BRUNO3.PECA (ID,NOME,VALOR,DESCRICAO,STATUS) values ('6','P1','10','fvgvv','1');
REM INSERTING into BRUNO3.USUARIO
SET DEFINE OFF;
Insert into BRUNO3.USUARIO (CPF,NOME,EMAIL,SEXO,SENHA) values ('22222222','aaa','a@h.com','F','a665a45920422f9d417e4867efdc4fb8a04a1f3fff1fa07e998e86f7f7a27ae3');
Insert into BRUNO3.USUARIO (CPF,NOME,EMAIL,SEXO,SENHA) values ('22222225','aaa','a@h.com','F','a665a45920422f9d417e4867efdc4fb8a04a1f3fff1fa07e998e86f7f7a27ae3');
Insert into BRUNO3.USUARIO (CPF,NOME,EMAIL,SEXO,SENHA) values ('22222227','aaa','a@h.com','F','6b86b273ff34fce19d6b804eff5a3f5747ada4eaa22f1d49c01e52ddb7875b4b');
Insert into BRUNO3.USUARIO (CPF,NOME,EMAIL,SEXO,SENHA) values ('2222','aaa','a@h.com','F','6b51d431df5d7f141cbececcf79edf3dd861c3b4069f0b11661a3eefacbba918');
Insert into BRUNO3.USUARIO (CPF,NOME,EMAIL,SEXO,SENHA) values ('123456','bruno','b@b.com','M','123456');
Insert into BRUNO3.USUARIO (CPF,NOME,EMAIL,SEXO,SENHA) values ('1234568','bb','br@b.com','M','a665a45920422f9d417e4867efdc4fb8a04a1f3fff1fa07e998e86f7f7a27ae3');
Insert into BRUNO3.USUARIO (CPF,NOME,EMAIL,SEXO,SENHA) values ('123456789','Bruno 2','b2@b.com','M','123123');
REM INSERTING into BRUNO3.VEICULO
SET DEFINE OFF;
Insert into BRUNO3.VEICULO (PLACA,ID_FABRICANTE,ID_MODELO,CHASSI,DESCRICAO,STATUS) values ('aaaaa7','3','9','as',null,'0');
Insert into BRUNO3.VEICULO (PLACA,ID_FABRICANTE,ID_MODELO,CHASSI,DESCRICAO,STATUS) values ('aaaaa','2','5','aaa',null,'0');
Insert into BRUNO3.VEICULO (PLACA,ID_FABRICANTE,ID_MODELO,CHASSI,DESCRICAO,STATUS) values ('aaa777','2','5','qqq','dccc','0');
REM INSERTING into BRUNO3.VEICULO_PECA_PK
SET DEFINE OFF;
Insert into BRUNO3.VEICULO_PECA_PK (PLACA,ID_PECA) values ('aaaaa7','5');
Insert into BRUNO3.VEICULO_PECA_PK (PLACA,ID_PECA) values ('aaaaa7','6');
Insert into BRUNO3.VEICULO_PECA_PK (PLACA,ID_PECA) values ('aaaaa7','3');
Insert into BRUNO3.VEICULO_PECA_PK (PLACA,ID_PECA) values ('aaa777','4');
Insert into BRUNO3.VEICULO_PECA_PK (PLACA,ID_PECA) values ('aaa777','5');
--------------------------------------------------------
--  DDL for Index VEICULO_PK
--------------------------------------------------------

  CREATE UNIQUE INDEX "BRUNO3"."VEICULO_PK" ON "BRUNO3"."VEICULO" ("PLACA") 
  PCTFREE 10 INITRANS 2 MAXTRANS 255 COMPUTE STATISTICS 
  STORAGE(INITIAL 65536 NEXT 1048576 MINEXTENTS 1 MAXEXTENTS 2147483645
  PCTINCREASE 0 FREELISTS 1 FREELIST GROUPS 1 BUFFER_POOL DEFAULT FLASH_CACHE DEFAULT CELL_FLASH_CACHE DEFAULT)
  TABLESPACE "SYSTEM" ;
--------------------------------------------------------
--  DDL for Index FABRICANTE_PK
--------------------------------------------------------

  CREATE UNIQUE INDEX "BRUNO3"."FABRICANTE_PK" ON "BRUNO3"."FABRICANTE" ("ID") 
  PCTFREE 10 INITRANS 2 MAXTRANS 255 COMPUTE STATISTICS 
  STORAGE(INITIAL 65536 NEXT 1048576 MINEXTENTS 1 MAXEXTENTS 2147483645
  PCTINCREASE 0 FREELISTS 1 FREELIST GROUPS 1 BUFFER_POOL DEFAULT FLASH_CACHE DEFAULT CELL_FLASH_CACHE DEFAULT)
  TABLESPACE "SYSTEM" ;
--------------------------------------------------------
--  DDL for Index PECA_PK
--------------------------------------------------------

  CREATE UNIQUE INDEX "BRUNO3"."PECA_PK" ON "BRUNO3"."PECA" ("ID") 
  PCTFREE 10 INITRANS 2 MAXTRANS 255 COMPUTE STATISTICS 
  STORAGE(INITIAL 65536 NEXT 1048576 MINEXTENTS 1 MAXEXTENTS 2147483645
  PCTINCREASE 0 FREELISTS 1 FREELIST GROUPS 1 BUFFER_POOL DEFAULT FLASH_CACHE DEFAULT CELL_FLASH_CACHE DEFAULT)
  TABLESPACE "SYSTEM" ;
--------------------------------------------------------
--  DDL for Index MODELO_PK
--------------------------------------------------------

  CREATE UNIQUE INDEX "BRUNO3"."MODELO_PK" ON "BRUNO3"."MODELO" ("ID") 
  PCTFREE 10 INITRANS 2 MAXTRANS 255 COMPUTE STATISTICS 
  STORAGE(INITIAL 65536 NEXT 1048576 MINEXTENTS 1 MAXEXTENTS 2147483645
  PCTINCREASE 0 FREELISTS 1 FREELIST GROUPS 1 BUFFER_POOL DEFAULT FLASH_CACHE DEFAULT CELL_FLASH_CACHE DEFAULT)
  TABLESPACE "SYSTEM" ;
--------------------------------------------------------
--  DDL for Index USUARIO_PK
--------------------------------------------------------

  CREATE UNIQUE INDEX "BRUNO3"."USUARIO_PK" ON "BRUNO3"."USUARIO" ("CPF") 
  PCTFREE 10 INITRANS 2 MAXTRANS 255 COMPUTE STATISTICS 
  STORAGE(INITIAL 65536 NEXT 1048576 MINEXTENTS 1 MAXEXTENTS 2147483645
  PCTINCREASE 0 FREELISTS 1 FREELIST GROUPS 1 BUFFER_POOL DEFAULT FLASH_CACHE DEFAULT CELL_FLASH_CACHE DEFAULT)
  TABLESPACE "SYSTEM" ;
--------------------------------------------------------
--  Constraints for Table USUARIO
--------------------------------------------------------

  ALTER TABLE "BRUNO3"."USUARIO" ADD CONSTRAINT "USUARIO_PK" PRIMARY KEY ("CPF")
  USING INDEX PCTFREE 10 INITRANS 2 MAXTRANS 255 COMPUTE STATISTICS 
  STORAGE(INITIAL 65536 NEXT 1048576 MINEXTENTS 1 MAXEXTENTS 2147483645
  PCTINCREASE 0 FREELISTS 1 FREELIST GROUPS 1 BUFFER_POOL DEFAULT FLASH_CACHE DEFAULT CELL_FLASH_CACHE DEFAULT)
  TABLESPACE "SYSTEM"  ENABLE;
  ALTER TABLE "BRUNO3"."USUARIO" MODIFY ("SENHA" NOT NULL ENABLE);
  ALTER TABLE "BRUNO3"."USUARIO" MODIFY ("EMAIL" NOT NULL ENABLE);
  ALTER TABLE "BRUNO3"."USUARIO" MODIFY ("NOME" NOT NULL ENABLE);
  ALTER TABLE "BRUNO3"."USUARIO" MODIFY ("CPF" NOT NULL ENABLE);
--------------------------------------------------------
--  Constraints for Table PECA
--------------------------------------------------------

  ALTER TABLE "BRUNO3"."PECA" ADD CONSTRAINT "PECA_PK" PRIMARY KEY ("ID")
  USING INDEX PCTFREE 10 INITRANS 2 MAXTRANS 255 COMPUTE STATISTICS 
  STORAGE(INITIAL 65536 NEXT 1048576 MINEXTENTS 1 MAXEXTENTS 2147483645
  PCTINCREASE 0 FREELISTS 1 FREELIST GROUPS 1 BUFFER_POOL DEFAULT FLASH_CACHE DEFAULT CELL_FLASH_CACHE DEFAULT)
  TABLESPACE "SYSTEM"  ENABLE;
  ALTER TABLE "BRUNO3"."PECA" MODIFY ("STATUS" NOT NULL ENABLE);
  ALTER TABLE "BRUNO3"."PECA" MODIFY ("VALOR" NOT NULL ENABLE);
  ALTER TABLE "BRUNO3"."PECA" MODIFY ("NOME" NOT NULL ENABLE);
  ALTER TABLE "BRUNO3"."PECA" MODIFY ("ID" NOT NULL ENABLE);
--------------------------------------------------------
--  Constraints for Table FABRICANTE
--------------------------------------------------------

  ALTER TABLE "BRUNO3"."FABRICANTE" ADD CONSTRAINT "FABRICANTE_PK" PRIMARY KEY ("ID")
  USING INDEX PCTFREE 10 INITRANS 2 MAXTRANS 255 COMPUTE STATISTICS 
  STORAGE(INITIAL 65536 NEXT 1048576 MINEXTENTS 1 MAXEXTENTS 2147483645
  PCTINCREASE 0 FREELISTS 1 FREELIST GROUPS 1 BUFFER_POOL DEFAULT FLASH_CACHE DEFAULT CELL_FLASH_CACHE DEFAULT)
  TABLESPACE "SYSTEM"  ENABLE;
  ALTER TABLE "BRUNO3"."FABRICANTE" MODIFY ("STATUS" NOT NULL ENABLE);
  ALTER TABLE "BRUNO3"."FABRICANTE" MODIFY ("NOME" NOT NULL ENABLE);
  ALTER TABLE "BRUNO3"."FABRICANTE" MODIFY ("ID" NOT NULL ENABLE);
--------------------------------------------------------
--  Constraints for Table MODELO
--------------------------------------------------------

  ALTER TABLE "BRUNO3"."MODELO" MODIFY ("NOME" NOT NULL ENABLE);
  ALTER TABLE "BRUNO3"."MODELO" ADD CONSTRAINT "MODELO_PK" PRIMARY KEY ("ID")
  USING INDEX PCTFREE 10 INITRANS 2 MAXTRANS 255 COMPUTE STATISTICS 
  STORAGE(INITIAL 65536 NEXT 1048576 MINEXTENTS 1 MAXEXTENTS 2147483645
  PCTINCREASE 0 FREELISTS 1 FREELIST GROUPS 1 BUFFER_POOL DEFAULT FLASH_CACHE DEFAULT CELL_FLASH_CACHE DEFAULT)
  TABLESPACE "SYSTEM"  ENABLE;
  ALTER TABLE "BRUNO3"."MODELO" MODIFY ("STATUS" NOT NULL ENABLE);
  ALTER TABLE "BRUNO3"."MODELO" MODIFY ("ID_FABRICANTE" NOT NULL ENABLE);
  ALTER TABLE "BRUNO3"."MODELO" MODIFY ("ID" NOT NULL ENABLE);
--------------------------------------------------------
--  Constraints for Table VEICULO
--------------------------------------------------------

  ALTER TABLE "BRUNO3"."VEICULO" ADD CONSTRAINT "VEICULO_PK" PRIMARY KEY ("PLACA")
  USING INDEX PCTFREE 10 INITRANS 2 MAXTRANS 255 COMPUTE STATISTICS 
  STORAGE(INITIAL 65536 NEXT 1048576 MINEXTENTS 1 MAXEXTENTS 2147483645
  PCTINCREASE 0 FREELISTS 1 FREELIST GROUPS 1 BUFFER_POOL DEFAULT FLASH_CACHE DEFAULT CELL_FLASH_CACHE DEFAULT)
  TABLESPACE "SYSTEM"  ENABLE;
  ALTER TABLE "BRUNO3"."VEICULO" MODIFY ("CHASSI" NOT NULL ENABLE);
  ALTER TABLE "BRUNO3"."VEICULO" MODIFY ("ID_MODELO" NOT NULL ENABLE);
  ALTER TABLE "BRUNO3"."VEICULO" MODIFY ("ID_FABRICANTE" NOT NULL ENABLE);
  ALTER TABLE "BRUNO3"."VEICULO" MODIFY ("PLACA" NOT NULL ENABLE);
--------------------------------------------------------
--  Constraints for Table VEICULO_PECA_PK
--------------------------------------------------------

  ALTER TABLE "BRUNO3"."VEICULO_PECA_PK" MODIFY ("ID_PECA" NOT NULL ENABLE);
  ALTER TABLE "BRUNO3"."VEICULO_PECA_PK" MODIFY ("PLACA" NOT NULL ENABLE);
